Paper ID,Publishable,Conference,Rationale
P001,0,na,na
P002,0,na,na
P003,0,na,na
P004,1,NEURIPS,"The paper introduces a novel theoretical framework for graph neural networks (GNNs) that operate without training, leveraging labels as features (LaF) to enhance representational capacity. It provides formal proofs of the expressive power of GNNs with LaF, demonstrating their ability to approximate label propagation, a significant theoretical contribution. The work also proposes a new architecture, TFGNNs, which can function without training and be optionally enhanced through training, offering a unique blend of parametric and nonparametric model advantages. The paper's focus on theoretical insights, formal proofs, and novel architectures aligns well with NEURIPS' emphasis on theoretical advancements and new learning algorithms with theoretical guarantees."
P005,1,CVPR,"The paper primarily focuses on a novel system for clothing image segmentation and identification, which is a core problem in computer vision. The methodology involves advanced image processing techniques, such as image co-segmentation and region co-labeling, which are central to visual understanding. The use of exemplar-SVM and Graph Cuts algorithm further emphasizes the computer vision aspect. The paper's evaluation on fashion datasets and its comparison with state-of-the-art vision methods align with CVPR's focus on visual data analysis and novel vision architectures. While there are elements of data-driven approaches and graphical models, the primary contribution and technical depth are in the domain of computer vision, making CVPR the most suitable venue."
P006,0,na,na
P007,1,EMNLP,"The paper presents a novel approach to discourse parsing, a core problem in natural language processing (NLP). It introduces an end-to-end parser that jointly handles both syntactic and discourse parsing, which is a significant advancement in the field of NLP. The paper's focus on language understanding and generation, as well as its empirical evaluation of linguistic phenomena, aligns well with the primary signals for EMNLP. Additionally, the creation of a syntacto-discourse treebank and the empirical validation of the parser's performance further support its classification under EMNLP."
P008,1,EMNLP,"The paper primarily focuses on enhancing the reasoning capabilities of large language models (LLMs) through Chain-of-Thought (CoT) prompting, which is a technique specific to natural language processing (NLP). The study delves into the mechanisms of CoT in improving in-context learning, sample complexity, and generalization capabilities of LLMs, which are core aspects of NLP research. The paper provides both theoretical and empirical analyses of CoT's impact on language models, aligning with EMNLP's focus on empirical methods in NLP. While the paper includes theoretical insights, its primary contribution is in the domain of language model behavior and text processing innovations, making EMNLP the most suitable venue."
P009,1,NEURIPS,"The paper presents a novel theoretical framework for online aggregation using basis function expansions, which aligns with NEURIPS' focus on theoretical advancements in machine learning. The work extends existing methods by introducing new techniques for combining static and dynamic models, supported by theoretical analysis and empirical validation. The emphasis on scalability and adaptability in online learning, along with the exploration of different basis expansions, further supports its classification under NEURIPS."
P010,1,KDD,"The paper presents a novel reinforcement learning approach specifically designed for recommender systems, focusing on enhancing sample efficiency and reducing variance. The primary contribution is the development of a model-based counterfactual advantage learning (MBCAL) method, which is tailored to address challenges in real-world recommender systems. The paper emphasizes practical deployment, scalability, and performance on large-scale datasets, which aligns with the primary signals for KDD. Additionally, the paper includes extensive empirical validation and real-world dataset experiments, further supporting its suitability for KDD."
P011,1,KDD,"The paper primarily focuses on scalable data mining algorithms and real-world deployments, which are key signals for KDD. It introduces statistical techniques for detecting heterogeneous treatment effects in online experiments, a common practice in industrial-scale applications. The emphasis on controlling false discovery rates and the deployment of a toolkit at Snap further align with KDD's focus on practical implications and real-world impact. While there are elements of rigorous empirical studies, the primary contribution is in the application and scalability of these methods in a business context, making KDD the most suitable venue."
P012,1,TMLR,"The paper primarily focuses on reconciling theoretical discrepancies in scaling laws for language models, which involves a rigorous empirical analysis of existing studies by Kaplan and Chinchilla. It provides a comprehensive analytical framework to understand the differences in scaling coefficients and validates these findings through experiments. The emphasis is on empirical validation, reproducibility, and methodological rigor, aligning well with TMLR's focus on rigorous empirical studies and comprehensive analysis methodologies."
P013,1,EMNLP,"The paper primarily focuses on applying and testing a novel explanation method, originally from the vision domain, in the NLP domain. It involves understanding and interpreting language model behavior, which aligns with EMNLP's primary signals. The paper's core contribution is in the language domain, specifically in explaining NLP model decisions, making EMNLP the most suitable venue."
P014,1,CVPR,"The paper primarily focuses on advancements in active speaker detection, a task that inherently involves both audio and visual components. The methodology employs a 3D CNN for feature extraction from video data, which aligns with core visual understanding problems. The use of temporal convolution and LSTM classifiers further supports the visual-centric approach, as these are applied to video frames. The paper's contribution to the ActivityNet Challenge, a well-known benchmark in the computer vision community, further solidifies its relevance to CVPR. While the paper does involve audio processing, the primary innovation and technical depth lie in the visual domain, making CVPR the most suitable venue."
P015,0,na,na
P016,0,na,na
P017,1,CVPR,"The paper primarily focuses on video highlight detection and summarization, which are core problems in computer vision, particularly in the context of video analysis. The use of time-synchronized comments for detecting highlights and the development of a novel framework for this task align with CVPR's focus on advanced image/video processing and novel vision architectures/algorithms. The paper's emphasis on video content and the challenges associated with video highlight detection, such as lag calibration and emotion-topic concentration, further support its classification under CVPR. While the paper does incorporate elements of natural language processing, the primary contribution and technical depth lie in the video analysis domain, making CVPR the most suitable venue."
P018,0,na,na
P019,1,KDD,"The paper primarily focuses on the application of machine learning to real-world data for improving healthcare interventions, specifically in the context of tuberculosis treatment. It involves the use of digital adherence technologies (DATs) to gather and analyze large-scale data, aiming to enhance patient outcomes through better resource allocation and intervention strategies. The research emphasizes the scalability of the proposed solutions, the practical implications for healthcare systems, and the deployment of models in real-world settings, which aligns well with the primary signals for KDD. The paper also discusses the challenges of working with incomplete data and the need for innovative data mining techniques, further supporting its suitability for KDD."
P020,0,na,na
P021,1,CVPR,"The paper primarily addresses a core problem in the domain of computer vision, specifically focusing on vehicle motion prediction using visual data (raster images). The novel architecture and methods developed are tailored to handle visual data, which aligns with CVPR's focus on visual understanding problems. The use of self-attention mechanisms and feature extraction from images further solidifies its relevance to CVPR. While the paper does involve some machine learning techniques, the primary contribution and innovation lie in the application of these techniques to a vision-centric problem, making CVPR the most suitable venue."
P022,0,na,na
P023,1,CVPR,"The paper presents a novel computational model for saliency detection in images, inspired by the Reverse Hierarchy Theory (RHT). The primary focus is on predicting eye fixations, a core problem in computer vision, using a hierarchical model that processes visual information from coarse to fine scales. The model is evaluated on standard eye-tracking datasets, demonstrating its effectiveness in visual saliency prediction. The paper's emphasis on visual understanding, image processing, and the application of psychological theories to computer vision aligns well with the core themes of CVPR."
P024,1,NEURIPS,"The paper primarily focuses on a novel theoretical framework for label-only backdoor attacks in machine learning, which aligns with NEURIPS' emphasis on novel theoretical frameworks and mathematical foundations in ML. The introduction of FLIP as a new attack mechanism and the exploration of its theoretical underpinnings and implications for model training pipelines highlight a significant theoretical contribution. Additionally, the paper's exploration of vulnerabilities in the training process and the strategic manipulation of labels to implant backdoors demonstrate a deep theoretical insight into adversarial machine learning, further supporting its suitability for NEURIPS."
P025,1,CVPR,"The paper primarily focuses on scene parsing, a core problem in computer vision, by introducing a novel nonparametric approach to enhance precision and expand the scope of foreground categories within images. The methodology involves improving label likelihood at the superpixel level and integrating semantic context into the parsing procedure, which are both central to visual understanding and image processing. The paper's experiments on large-scale datasets like SIFTflow and LMSun further emphasize its relevance to the computer vision community. While the paper does involve some probabilistic and machine learning techniques, its primary contribution and impact are in the domain of computer vision, making CVPR the most suitable conference for this work."
P026,0,na,na
P027,1,EMNLP,"The paper primarily focuses on the development of emoji embeddings for natural language processing tasks, particularly sentiment analysis on social media. It addresses a gap in existing NLP resources by providing pre-trained emoji embeddings, which are crucial for enhancing social media text analysis. The methodology involves learning embeddings from Unicode descriptions, which aligns with core NLP tasks of language understanding and representation learning. The paper's emphasis on improving sentiment analysis and its application to social media data strongly aligns with EMNLP's focus on empirical methods in NLP."
P028,1,CVPR,"The paper primarily addresses a novel task in grounded language understanding by integrating visual context to resolve linguistic ambiguities. This involves a significant focus on visual data processing, including the use of videos to disambiguate sentences. The methodology extends a vision model to handle multiple interpretations of sentences based on visual input, which aligns closely with the core themes of CVPR, such as visual understanding and multi-modal systems with strong visual components. While the paper also involves linguistic elements, the primary technical contribution and innovation lie in the visual domain, making CVPR the most suitable venue."
P029,1,TMLR,"The paper presents OpenOmni, an open-source framework for developing and benchmarking multimodal conversational systems. It emphasizes empirical validation, comprehensive analysis, and reproducibility, aligning with TMLR's focus on rigorous empirical studies and methodological innovations. The paper lacks a strong theoretical contribution, which would be more suitable for NEURIPS, and it doesn't focus on a specific application domain like CVPR or EMNLP. The emphasis on benchmarking, evaluation metrics, and system architecture further supports its alignment with TMLR."
P030,1,KDD,"The paper presents BladeDISC++, a system that enhances memory usage in dynamic shape compilers through symbolic shape analysis. The primary focus is on memory optimization strategies for dynamic shape graphs, which is a significant challenge in large-scale deep learning tasks. The paper introduces novel techniques for operation scheduling and rematerialization using symbolic shapes, demonstrating substantial memory savings and performance improvements. These contributions align with KDD's focus on scalable data mining algorithms and industrial-scale applications, as the work addresses real-world deployment challenges and optimizations in deep learning systems. The paper's emphasis on practical impact, scalability, and system-level innovations makes KDD the most suitable venue."
P031,1,EMNLP,"The paper primarily focuses on the application of Graph Neural Networks (GNNs) for detecting and explaining hate speech towards Islam, which is fundamentally a natural language processing (NLP) task. The use of GNNs is innovative, but the core contribution lies in the domain of NLP, specifically in understanding and processing language to identify hate speech. The paper also emphasizes the explainability of the model, which is a significant aspect in NLP research. While GNNs are a novel approach, the primary focus remains on language understanding and processing, aligning well with the core themes of EMNLP."
P032,0,na,na
P033,1,EMNLP,"The paper focuses on AMR parsing, a core NLP task, using Stack-LSTMs. It presents a novel transition-based algorithm for generating AMR graphs directly from text, which is a significant contribution to the field of natural language processing. The paper's primary focus is on language understanding and generation, specifically in the context of AMR parsing, which aligns well with the primary signals for EMNLP. The use of Stack-LSTMs and the empirical results demonstrating competitive performance further support its suitability for EMNLP. While there are elements of machine learning involved, such as the use of LSTMs, the primary contribution and focus are on NLP, making EMNLP the most appropriate venue."
P034,1,CVPR,"The paper primarily focuses on enhancing Vision Transformers, a core area of computer vision, by introducing a novel normalization technique. The work is deeply rooted in visual understanding tasks such as image classification, semantic segmentation, and contrastive learning, which are central to CVPR's scope. The empirical results across various vision tasks further align with CVPR's emphasis on visual data analysis and novel vision architectures. While the paper does involve methodological innovation, its primary contribution and impact are within the computer vision domain, making CVPR the most suitable venue."
P035,0,na,na
P036,0,na,na
P037,1,EMNLP,"The paper primarily focuses on the creation and analysis of a novel dataset for Chinese machine reading comprehension, specifically targeting span-extraction tasks. This aligns closely with the core interests of EMNLP, which include language understanding and text processing innovations. The paper's emphasis on linguistic diversity, human annotation, and the challenges of reasoning in language models further supports its suitability for EMNLP. While the paper includes some empirical results, its main contribution is the dataset itself and the insights it provides into language processing, rather than a new machine learning methodology or theoretical framework, which would be more aligned with conferences like NEURIPS or TMLR."
P038,0,na,na
P039,0,na,na
P040,1,CVPR,"The paper primarily focuses on a novel application of 3D convolutional neural networks (CNNs) for architectural design, specifically using computational fluid dynamics (CFD) simulations. The core contribution is the development of a CNN-based model for predicting fluid dynamics in a 3D environment, which is a visual and spatial problem. This aligns with CVPR's focus on 3D vision and scene understanding. The paper also discusses the use of visual programming interfaces and CAD software, further emphasizing the visual and spatial aspects of the work. While the paper does not focus on traditional computer vision tasks, the use of 3D CNNs for spatial prediction and design aligns more closely with CVPR than other conferences. The paper's emphasis on real-time prediction and interactive design processes also fits within the scope of CVPR, which often includes work on real-time and interactive systems. Therefore, CVPR is the most suitable conference for this paper."
P041,0,na,na
P042,1,CVPR,"The paper 'DeepSim: A Semantic Approach to Image Registration' primarily focuses on a novel semantic similarity metric for image registration, which is a core problem in computer vision. The paper introduces a new method for aligning images based on learned semantic features, which is a significant contribution to the field of image processing and computer vision. The work is evaluated on various biomedical datasets, demonstrating its applicability across different image modalities, which aligns with CVPR's focus on advanced image processing and visual understanding. The paper's emphasis on improving registration accuracy and handling noise in images further supports its relevance to CVPR, as these are critical challenges in computer vision. While the paper does involve some theoretical aspects, such as the development of a new similarity metric, the primary contribution is empirical, focusing on the application and validation of this metric in image registration tasks. This aligns more closely with CVPR's emphasis on practical advancements in computer vision rather than purely theoretical developments. Therefore, CVPR is the most suitable conference for this paper."
P043,0,na,na
P044,1,KDD,"The paper primarily focuses on the creation and application of a large-scale, multimodal dataset for crop yield prediction, which aligns with KDD's emphasis on scalable data mining algorithms and real-world deployments with measured impact. The dataset integrates satellite imagery, meteorological data, and crop statistics, showcasing a novel approach to data collection and preparation, which is a strong signal for KDD. Additionally, the paper discusses the practical implications of the dataset in improving crop yield predictions, which is relevant to KDD's focus on industrial-scale applications and systems. While the paper involves deep learning models, the primary contribution is the dataset itself and its application in a real-world context, rather than novel theoretical advancements in machine learning, which would be more aligned with NEURIPS. The paper's emphasis on scalability, practical deployment, and the integration of diverse data types further supports its alignment with KDD."
P045,1,CVPR,"The paper primarily focuses on visual foundation models and their integration through multi-teacher distillation, which is a core visual understanding problem. The development of a novel architecture (E-RADIO) that enhances performance and efficiency in visual tasks further aligns with CVPR's focus on novel vision architectures and algorithms. The extensive benchmarking on visual tasks like ImageNet classification, semantic segmentation, and COCO object detection reinforces the paper's strong visual component, making CVPR the most suitable venue."
P046,1,NEURIPS,"The paper presents a novel theoretical framework for adversarial attacks on Graph Neural Networks (GNNs), specifically focusing on a combined threat model of poisoning and evasion attacks. This aligns with NEURIPS' primary signals of novel theoretical frameworks in ML and new learning algorithms with theoretical guarantees. The paper also includes mathematical foundations and optimization techniques, which are core to NEURIPS' focus. While there is empirical validation, the primary contribution is the theoretical advancement and novel attack model, making NEURIPS the most suitable venue."
P047,0,na,na
P048,0,na,na
P049,1,CVPR,"The paper primarily addresses the challenge of improving model generalization in semantic segmentation, a core problem in computer vision. It introduces a novel self-adaptive methodology that modifies the inference mechanism for semantic segmentation models, which is a significant contribution to the field of computer vision. The focus on semantic segmentation, a key area in computer vision, aligns well with the primary signals for CVPR, which include core visual understanding problems and novel vision architectures/algorithms. The paper's emphasis on improving generalization from synthetic to real-world data further underscores its relevance to the computer vision community. While the paper does involve some methodological innovations, its primary contribution is in the domain of computer vision, making CVPR the most suitable conference for this work."
P050,1,EMNLP,"The paper primarily focuses on interpreting deep learning models specifically for Natural Language Inference (NLI), which is a core NLP task. It introduces new strategies for interpreting the behavior of deep models, particularly in the context of attention and LSTM gating signals, which are crucial components in NLP models. The paper's contributions are centered around understanding and explaining the workings of neural models in NLP, making it highly relevant to the EMNLP conference, which focuses on empirical methods in natural language processing."
P051,0,na,na
P052,1,KDD,"The paper presents a novel neural network architecture, the Alpha Discovery Neural Network (ADNN), specifically designed for financial trading signal extraction. The primary focus is on the application of machine learning techniques to enhance feature extraction in financial data, which aligns with the core themes of KDD. The paper emphasizes scalable data mining algorithms, industrial-scale applications, and real-world deployments with measured impact, all of which are primary signals for KDD. The empirical validation of the ADNN's performance in financial markets further supports its suitability for KDD, as it demonstrates practical implications and business value. While the paper does involve neural network architecture, the primary contribution is not theoretical but rather applied to a specific domain, making KDD the most appropriate venue."
P053,0,na,na
P054,1,CVPR,"The paper primarily focuses on advancements in 3D reconstruction methods applied to food items, which is a core visual understanding problem. The emphasis on computer vision techniques, such as multi-view and single-view 3D reconstruction, aligns well with CVPR's focus on novel vision architectures and algorithms. The paper also discusses the use of deep learning and computer vision for estimating food portions, which involves advanced image processing and 3D modeling, further supporting its relevance to CVPR. While the application is specific to the culinary domain, the technical contributions in 3D vision and scene understanding are significant and align with CVPR's primary signals."
P055,1,TMLR,"The paper primarily focuses on the empirical study of researchers' experiences with the broader impact statement requirement in AI conferences. It involves a survey-based analysis, which aligns with TMLR's emphasis on rigorous empirical studies and comprehensive analysis methodologies. The paper does not introduce new theoretical frameworks, learning algorithms, or domain-specific innovations, which rules out NEURIPS, CVPR, EMNLP, and KDD as suitable venues. Instead, it provides a systematic exploration of a new requirement in the research community, making TMLR the most appropriate choice."
P056,0,na,na
P057,1,NEURIPS,"The paper introduces a novel approach to human-machine interaction in the context of collaborative art creation, leveraging machine learning techniques. The primary focus is on the integration of AI into the creative process, using a neural sketcher to interact with human artists. This involves a significant methodological innovation in the application of machine learning to a new domain, which aligns with NEURIPS' interest in novel theoretical frameworks and new learning algorithms. The paper also discusses the theoretical implications of AI in creative processes, which is a strong signal for NEURIPS. While the application is domain-specific (art), the broader impact on human-machine interaction and the theoretical insights provided make NEURIPS the most suitable venue."
P058,1,TMLR,"The paper presents a rigorous empirical study on the application of positional encoding to RNNs, demonstrating its effectiveness in handling large vocabularies and stabilizing gradients. The research includes comprehensive experiments, detailed analysis of gradient stability, and thorough ablation studies across various tasks. These aspects align well with TMLR's focus on rigorous empirical studies, comprehensive analysis methodologies, and thorough ablation studies. While the paper does touch on theoretical aspects, its primary contribution is empirical, making TMLR the most suitable venue."
P059,1,TMLR,"The paper presents a novel empirical study on the application of positional encoding to RNNs, demonstrating its benefits in handling large vocabularies. The research is heavily focused on empirical validation, with extensive experiments and analysis of gradient stability, making it a strong fit for TMLR, which values rigorous empirical studies and comprehensive analysis methodologies."
P060,1,CVPR,"The paper primarily focuses on background modeling in video sequences, which is a core problem in computer vision. It introduces novel methods for adaptive kernel variance selection and incorporates complex features like SILTP, which are specifically designed to improve visual data processing. The emphasis on improving background subtraction techniques and the use of visual features strongly align with the primary signals for CVPR, which include core visual understanding problems and novel vision architectures/algorithms. While the paper does involve some probabilistic modeling, the primary contribution is in the domain of computer vision, making CVPR the most suitable conference."
P061,1,CVPR,"The paper primarily focuses on enhancing visual representation learning through a novel contrastive learning framework, LeOCLR, which is specifically designed for visual data. The core contribution is in the domain of computer vision, addressing issues related to data augmentation in contrastive learning, and improving performance in downstream tasks such as image classification and object detection. The methodology and experiments are heavily centered around visual datasets and tasks, making CVPR the most suitable venue."
P062,0,na,na
P063,1,TMLR,"The paper primarily focuses on the empirical study of layer-wise transferability of representations in deep networks across datasets and tasks. It emphasizes empirical observations and analysis, which aligns with TMLR's focus on rigorous empirical studies and comprehensive analysis methodology. The paper does not introduce new theoretical frameworks or learning algorithms, which would be more suitable for NEURIPS. It also does not focus on specific applications in vision or language, ruling out CVPR and EMNLP. The paper's emphasis on empirical validation and analysis makes TMLR the most appropriate venue."
P064,0,na,na
P065,1,CVPR,"The paper primarily focuses on the stability of image generation models, specifically through the process of recursive inpainting using Stable Diffusion. This aligns closely with CVPR's focus on core visual understanding problems and advanced image processing techniques. The study involves empirical evaluation of image degradation, which is a key aspect of image processing and computer vision. While the paper does not introduce a new vision architecture, it provides a novel analysis of an existing model's behavior in a recursive scenario, which is relevant to the CVPR community. The paper's emphasis on image model behavior and stability under recursive operations fits well within the scope of CVPR, as it addresses fundamental issues in image generation and processing."
P066,1,EMNLP,"The paper primarily focuses on language model compression through vocabulary transfer, which is a core NLP task. It addresses the trade-off between model size and performance, a significant concern in NLP applications. The methodology involves adapting tokenizers to specific domains, which is a language-centric innovation. The experiments are conducted on NLP tasks across different domains, further emphasizing its relevance to the NLP community. While the paper does involve empirical studies, the primary contribution is in the NLP domain, making EMNLP the most suitable conference."
P067,1,EMNLP,"The paper primarily focuses on a novel Python API for accessing the FrameNet 1.7 lexical database, which is a significant linguistic resource. The core contribution is in the domain of natural language processing, specifically dealing with semantic role labeling and linguistic resource accessibility. The paper discusses the integration of this API into the NLTK library, which is widely used in NLP research. The emphasis on linguistic resources, semantic frames, and the facilitation of linguistic data access aligns well with the primary signals for EMNLP, which include core language understanding and linguistic resource creation/analysis. The paper does not delve into theoretical ML frameworks or visual data, which rules out NEURIPS and CVPR. It also lacks a focus on scalable data mining or industrial applications, making KDD unsuitable. While the paper does involve empirical work, its primary focus is on linguistic resource accessibility rather than comprehensive empirical studies, which makes TMLR less appropriate. Therefore, EMNLP is the most suitable conference for this paper."
P068,0,na,na
P069,0,na,na
P070,0,na,na
P071,1,EMNLP,"The paper primarily focuses on the role of fillers in spoken language processing, which is a core aspect of natural language understanding and generation. It explores the use of deep contextualized embeddings to model fillers, a task closely related to NLP. The paper's emphasis on improving spoken language modeling and downstream tasks like confidence and sentiment prediction aligns well with the primary signals of EMNLP, which include core language understanding and text processing innovations. Additionally, the use of BERT and the focus on linguistic phenomena further support its classification under EMNLP."
P072,0,na,na
P073,0,na,na
P074,1,CVPR,"The paper primarily focuses on computer vision applications in agriculture, specifically using Transformer-based models for agricultural pattern recognition from aerial images. The methodology involves advanced image processing techniques, data augmentation, and the use of SegFormer, a Transformer-based segmentation model, which aligns with CVPR's focus on novel vision architectures and algorithms. The paper's emphasis on visual data analysis and the application of computer vision in a specific domain (agriculture) further supports its suitability for CVPR. While the paper does not introduce new theoretical frameworks or mathematical foundations, which would be more aligned with NEURIPS, it does present a strong empirical study with a focus on visual data, making CVPR the most appropriate venue."
P075,1,CVPR,"The paper primarily focuses on video alignment and multi-step inference using multimodal data, which are core aspects of computer vision and pattern recognition. The use of VideoCLIP for video-script alignment and the emphasis on visual data processing align well with CVPR's focus on visual understanding problems and novel vision architectures. The paper's methodology involves significant visual data analysis and processing, which are strong signals for CVPR. While there is a multimodal aspect involving text, the primary technical contribution and innovation lie in the visual domain, making CVPR the most suitable venue."
P076,0,na,na
P077,0,na,na
P078,0,na,na
P079,1,CVPR,"The paper introduces OmniPrint, a synthetic data generator for printed characters, which is primarily focused on generating visual data (images of printed characters) for machine learning research. The core contribution is the creation of a configurable generator that can produce a wide range of printed characters with various distortions, which aligns with the primary signals of CVPR, such as core visual understanding problems and novel vision architectures/algorithms. The paper's emphasis on visual data generation and manipulation, including pre-rasterization and post-rasterization transformations, further supports its alignment with CVPR. While the paper does not introduce new theoretical frameworks or learning algorithms, it provides a valuable tool for generating visual data, making it most suitable for the CVPR community."
P080,1,TMLR,"The paper primarily focuses on the empirical evaluation of LLMs as a tool for assisting in the peer review process by validating author checklists. It involves a structured study with surveys and feedback analysis, which aligns with TMLR's emphasis on rigorous empirical studies and comprehensive analysis methodologies. The paper does not introduce new theoretical frameworks or algorithms, which would be more suitable for NEURIPS, nor does it focus on a specific application domain like CVPR or EMNLP. The focus on empirical validation and analysis of LLMs' effectiveness in a scientific workflow context makes TMLR the most appropriate venue."
P081,0,na,na
P082,1,TMLR,"The paper primarily focuses on the development and empirical evaluation of a PyTorch-based library for variational learning with disentanglement. It provides a comprehensive framework for implementing and assessing various variational algorithms, emphasizing empirical validation through experiments and results. The paper's core contribution lies in its empirical studies and the systematic evaluation of disentanglement metrics, aligning well with TMLR's focus on rigorous empirical studies and comprehensive analysis methodologies."
P083,0,na,na
P084,1,CVPR,"The paper primarily focuses on analyzing trends in computer vision research over two decades, specifically in relation to Rich Sutton's 'hard-won lesson.' It utilizes large language models to evaluate abstracts from major computer vision conferences, indicating a strong focus on the computer vision domain. The study's emphasis on the evolution of computer vision methodologies, such as the shift from manually engineered features to deep learning, aligns with CVPR's primary signals of core visual understanding problems and novel vision architectures. Additionally, the paper's exploration of generalized learning algorithms and computational scalability further supports its relevance to CVPR, as these are key aspects of advancing image and video processing techniques. While the paper employs NLP methodologies, its primary contribution and impact target the computer vision community, making CVPR the most suitable venue."
P085,1,TMLR,"The paper primarily focuses on evaluating privacy in synthetic data, emphasizing empirical studies, comprehensive analysis, and reproducibility, which aligns well with TMLR's focus on rigorous empirical studies and comprehensive analysis methodologies. The paper does not introduce new theoretical frameworks or algorithms, which would be more suitable for NEURIPS, nor does it focus on specific applications in vision or language, ruling out CVPR and EMNLP. The emphasis on empirical validation and analysis over theoretical or domain-specific contributions makes TMLR the most appropriate venue."
P086,0,na,na
P087,1,CVPR,"The paper primarily addresses a core problem in computer vision: feature tracking in video, which is a fundamental task in the field. The proposed method introduces a novel framework for jointly tracking a set of features, which is particularly relevant for visual data processing. The focus on improving tracking in challenging conditions such as poor lighting and occlusions aligns with the primary signals for CVPR, which include core visual understanding problems and advanced image/video processing techniques. The paper's emphasis on real-time performance and empirical validation through experiments on video sequences further supports its suitability for CVPR, as these are secondary signals for the conference. The paper does not delve into theoretical ML frameworks or mathematical proofs, which are more aligned with NEURIPS, nor does it focus on language processing or data mining, ruling out EMNLP and KDD. The empirical nature of the work could suggest TMLR, but the strong focus on computer vision makes CVPR the most appropriate venue."
P088,1,TMLR,"The paper presents a rigorous empirical study on the modularity of neural networks, focusing on the functional similarity of hidden units. It introduces eight functional similarity measures and evaluates them across a large number of trained models. The study is empirical in nature, with a strong emphasis on comprehensive analysis and reproducibility, aligning well with TMLR's focus on rigorous empirical studies and comprehensive analysis methodologies."
P089,1,NEURIPS,"The paper primarily focuses on the theoretical aspects of the Neural Tangent Kernel (NTK) approximation, providing novel insights into its validity under specific conditions. It refines existing theoretical bounds and offers new proofs, which are core signals for NEURIPS. The paper's emphasis on mathematical foundations, theoretical guarantees, and the development of new theoretical frameworks aligns well with NEURIPS' primary signals. Additionally, the paper does not focus on applications or empirical studies, which are counter signals for other conferences like CVPR, EMNLP, or KDD. The detailed theoretical analysis and the focus on understanding the training dynamics of neural networks through a theoretical lens further support the classification under NEURIPS."
P090,1,NEURIPS,"The paper presents a novel theoretical framework for adapting large pretrained models while preserving their equivariance properties, which is a significant theoretical contribution in the field of machine learning. The approach leverages group theory and deep learning, focusing on the mathematical foundation of equivariance and its preservation during model adaptation. This aligns with NEURIPS' primary signals of novel theoretical frameworks and mathematical foundations in ML. Additionally, the paper includes empirical validation of the theoretical claims, which is a secondary signal for NEURIPS. The focus on preserving equivariance, a fundamental property in various applications, further supports the choice of NEURIPS as the most suitable conference."
P091,1,EMNLP,"The paper primarily focuses on Named Entity Recognition (NER) within the domain of Natural Language Processing (NLP), specifically applied to call center transcripts. It addresses the challenges of handling spontaneous speech and ASR inaccuracies, which are unique to conversational data. The use of a BiLSTM-CRF model and custom embeddings to achieve state-of-the-art results aligns with core NLP tasks, making EMNLP the most suitable venue."
P092,1,CVPR,"The paper focuses on advanced image compression techniques using deep learning, specifically targeting improvements in image quality and compression efficiency through novel network architectures. The primary contribution is in the domain of image processing, a core area of interest for CVPR. The paper discusses the use of residual networks and sub-pixel convolution techniques, which are relevant to the computer vision community. The emphasis on image compression, a visual data processing task, aligns well with CVPR's focus on visual understanding and processing. While the paper includes empirical validation, the primary technical contribution is the development of new architectures for image compression, making CVPR the most suitable venue."
P093,1,CVPR,"The paper primarily addresses a novel early stopping strategy for Deep Image Prior (DIP) models, which are used in various computational imaging tasks such as image denoising, super-resolution, MRI reconstruction, and blind image deblurring. The focus is on improving the practical application of DIP models in visual inverse problems, which aligns with the core visual understanding problems and advanced image processing techniques that are central to CVPR. The paper's emphasis on visual data and image processing tasks, along with the development of a method that enhances the performance of DIP models in these tasks, makes CVPR the most suitable venue."
P094,0,na,na
P095,1,NEURIPS,"The paper presents a novel hierarchical reinforcement learning framework with significant theoretical and methodological contributions, such as action-aware representation learning and discriminator-based self-imitation learning. These innovations are deeply rooted in reinforcement learning theory and offer new insights into sample efficiency and policy robustness, aligning well with NEURIPS' focus on novel theoretical frameworks and learning algorithms with theoretical guarantees."
P096,0,na,na
P097,0,na,na
P098,0,na,na
P099,1,EMNLP,"The paper primarily focuses on enhancing video narration through linguistic insights derived from text datasets, which aligns with the core language understanding and generation focus of EMNLP. The integration of linguistic data into video captioning models and the emphasis on improving grammatical correctness and descriptive quality through language models are strong indicators of its relevance to the NLP community. The paper's exploration of language model integration techniques, such as early fusion, late fusion, and deep fusion, further supports its alignment with EMNLP's focus on empirical methods in natural language processing."
P100,0,na,na
P101,1,CVPR,"The paper presents a novel application of convolutional LSTM networks for disease detection in medical volumetric images, specifically focusing on visual data processing and analysis. The primary contribution is the development of a new method for processing 3D medical images using a sequence of 2D images, which aligns with CVPR's focus on core visual understanding problems and novel vision architectures. The paper's emphasis on image processing, the use of convolutional networks, and the application to medical imaging strongly suggest CVPR as the most suitable venue."
P102,1,CVPR,"The paper primarily focuses on computer vision tasks related to cars, such as fine-grained car classification, car model verification, and attribute prediction using a large-scale dataset. It introduces a novel dataset, CompCars, which is specifically designed for car-related vision tasks, highlighting its applications in car model classification and verification. The paper also discusses the challenges and potential applications in the car domain, emphasizing the visual aspects of the dataset and the tasks. These elements align closely with the primary signals for CVPR, which include core visual understanding problems, novel vision architectures/algorithms, and advanced image/video processing. The paper's focus on visual data analysis and the development of a dataset for vision tasks further supports its suitability for CVPR. While the paper does mention some cross-modality aspects, the primary contribution and technical depth are in the domain of computer vision, making CVPR the most appropriate venue."
P103,1,EMNLP,"The paper primarily focuses on translating natural language descriptions into executable command-line instructions, which is a core language understanding and generation task. This aligns closely with the primary signals for EMNLP, which include core language understanding and generation. The paper also discusses the use of large pretrained models and their adaptation, which is relevant to the NLP community. While there are elements of empirical validation and competition-based evaluation, the primary contribution is in the domain of natural language processing, making EMNLP the most suitable conference."
P104,1,EMNLP,"The paper primarily focuses on enhancing the consistency and performance of pre-trained language models using natural language inference (NLI) models. It addresses a core language understanding problem by improving logical consistency in language model predictions, which aligns with EMNLP's primary signals. The methodology involves leveraging NLI models, a key component of NLP, to estimate logical relationships between model predictions, further supporting its classification under EMNLP. Additionally, the paper's experiments and evaluations are centered around NLP tasks such as question-answering and visual question answering, reinforcing its relevance to the NLP community."
P105,0,na,na
P106,0,na,na
P107,0,na,na
P108,1,EMNLP,"The paper primarily focuses on phonological typology and its application in speech processing tasks, which aligns closely with the core language understanding and generation themes of EMNLP. The research involves analyzing phonological features and their cross-linguistic consistency, which is a linguistic phenomenon, and proposes methods for phoneme inventory induction, a task related to language processing. The paper's emphasis on adapting speech technologies to low-resource languages and dialects further supports its relevance to the NLP community, particularly in the context of multilingual and low-resource language processing."
P109,1,CVPR,"The paper primarily focuses on the development and enhancement of visual-linguistic models for the task of identifying hateful memes, which involves both image and text processing. The core contribution is the improvement of multimodal models, particularly through the use of visual-linguistic Transformer architectures and novel cross-attention mechanisms. This aligns closely with CVPR's focus on computer vision and pattern recognition, especially given the emphasis on visual data processing and the integration of visual and textual information. While there is a significant NLP component, the primary technical innovation and challenge lie in the visual-linguistic integration, making CVPR the most suitable venue."
P110,0,na,na
P111,1,NEURIPS,"The paper presents a novel approach to enhancing Bayesian Optimization (BO) using Bayesian Neural Networks (BNNs) for complex scientific domains. It focuses on theoretical advancements in surrogate modeling and optimization, which aligns with NEURIPS' emphasis on novel theoretical frameworks and learning algorithms with theoretical guarantees. The paper also includes empirical validation across multiple scientific domains, which supports the theoretical claims, a secondary signal for NEURIPS. The use of deep learning to incorporate known structures and symmetries into BO models is a methodological innovation that fits NEURIPS' focus on advances in optimization and learning theory."
P112,1,NEURIPS,"The paper presents a novel theoretical framework for genomic sequence representation using graph neural networks over De Bruijn graphs, which aligns with NEURIPS' focus on novel theoretical frameworks in machine learning. The use of contrastive learning and graph convolutional networks to enhance k-mer embeddings demonstrates a strong theoretical contribution, supported by empirical validation through tasks like Edit Distance Approximation and Closest String Retrieval. The paper's emphasis on combining contextual and structural information in genomic data representation, along with the development of a self-supervised learning method, further supports its alignment with NEURIPS' primary signals. While the paper has applications in computational biology, its core contribution lies in the theoretical advancement of machine learning techniques, making NEURIPS the most suitable venue."
P113,1,NEURIPS,"The paper presents a novel theoretical framework combining Graph Neural Networks (GNN) with Model-Based Reinforcement Learning (MBRL) for multi-agent systems. It emphasizes the development of a new model, 'GNN for MBRL', which is a significant theoretical contribution to the field of machine learning. The paper also includes mathematical modeling and theoretical insights into the dynamics of multi-agent systems, which aligns with NEURIPS' focus on novel theoretical frameworks and mathematical foundations in machine learning."
P114,1,CVPR,"The paper presents a system that integrates AI with artistic creativity, focusing on generating personalized portraits based on user personality traits. The core contribution lies in the generative AI portraiture system, which involves advanced image processing and stylization techniques. This aligns with CVPR's focus on novel vision architectures and algorithms, as well as advanced image processing. The paper's emphasis on visual data analysis and the creation of artistic portraits through computational methods further supports its suitability for CVPR. While the paper involves conversational AI and personality assessment, these are secondary to the primary focus on visual output, making CVPR the most appropriate venue."
P115,0,na,na
P116,1,TMLR,"The paper presents a novel generalization of decision tree algorithms, focusing on improving accuracy and scalability through a method called Top-k. The primary contribution is empirical, with extensive experiments demonstrating the superiority of Top-k over traditional decision tree algorithms. The paper includes rigorous empirical studies, comprehensive analysis methodology, and thorough ablation studies, which align well with the primary signals for TMLR. While there is a theoretical component, the emphasis is on empirical validation and practical implementation, making TMLR the most suitable venue."
P117,1,CVPR,"The paper primarily focuses on image tagging, a core problem in computer vision, using zero-shot learning techniques. It introduces a novel method, Fast0Tag, for rapid image annotation by leveraging word vectors to determine tag relevance. The paper's main contribution is in the domain of computer vision, specifically addressing the challenge of image tagging with unseen tags, which aligns with CVPR's focus on visual understanding and novel vision algorithms. The use of deep neural networks and the emphasis on visual data processing further support this classification."
P118,1,EMNLP,"The paper primarily focuses on natural language processing (NLP) tasks, specifically part-of-speech tagging for low-resource languages using distant supervision from multiple sources. It introduces a novel method (DSDS) that combines various linguistic resources and techniques to improve POS tagging without gold annotated data. The core contribution is in the domain of language understanding and generation, which aligns with EMNLP's primary signals. The paper also discusses linguistic phenomena, such as the use of lexicons and embeddings, which are secondary signals for EMNLP. The focus on language-centric methods and the absence of broader machine learning theoretical insights or visual components further supports the classification under EMNLP."
P119,0,na,na
P120,1,EMNLP,"The paper primarily focuses on interpretability methods for neural networks, specifically targeting NLP architectures like LSTMs and Transformers. It introduces a toolkit, diagNNose, which is designed to analyze the internal representations of language models, making it highly relevant to the NLP community. The paper's case study on subject-verb agreement further emphasizes its focus on language models, aligning it with EMNLP's primary signals of core language understanding and analysis of linguistic phenomena."
P121,1,NEURIPS,"The paper introduces a novel theoretical framework called 'plasticity injection' to address plasticity loss in reinforcement learning agents. It focuses on the theoretical underpinnings of this approach, including a diagnostic framework, mitigation strategy, and dynamic capacity allocation mechanism. The paper emphasizes the theoretical innovation and mathematical analysis of plasticity loss, aligning with NEURIPS' focus on novel theoretical frameworks and mathematical foundations in machine learning."
P122,1,KDD,"The paper presents a novel approach to precipitation nowcasting using satellite data, which is a significant advancement in the field of weather forecasting. The focus is on developing a scalable system that can be applied globally, addressing the limitations of radar-based systems. This aligns with KDD's emphasis on scalable data mining algorithms and real-world deployments with measured impact. The paper also discusses the integration of machine learning techniques for precipitation detection, which is relevant to KDD's interest in novel mining techniques for complex data types. The practical implications and the potential for global deployment further support the classification under KDD."
P123,1,EMNLP,"The paper primarily focuses on Natural Language Processing (NLP) tasks, specifically sentiment, emotion, and sarcasm detection using emoji data. It addresses the challenge of limited manually labeled data in NLP and proposes a novel approach using distant supervision with emojis to enhance text representation. The study demonstrates state-of-the-art results on multiple NLP benchmark datasets, emphasizing the transfer learning capabilities of the proposed model. The methodology involves pre-training on a large dataset of tweets with emojis and fine-tuning for specific NLP tasks, which aligns with the core language understanding and text processing innovations typical of EMNLP. The paper's focus on language model behavior, sentiment analysis, and the use of linguistic phenomena (emojis) as labels further supports its suitability for EMNLP. While the paper does involve some machine learning techniques, the primary contribution and impact are within the NLP domain, making EMNLP the most appropriate conference."
P124,0,na,na
P125,1,EMNLP,"The paper 'DISCOSENSE: Commonsense Reasoning with Discourse Connectives' primarily focuses on natural language processing (NLP) and commonsense reasoning, which are core areas of interest for EMNLP. The paper introduces a new benchmark dataset, DISCOSENSE, aimed at evaluating the commonsense reasoning capabilities of language models through discourse connectives. This aligns with EMNLP's focus on language understanding and generation, as well as the analysis of linguistic phenomena. The paper also discusses the creation of challenging benchmarks, adversarial filtering techniques, and the evaluation of language models, all of which are relevant to the EMNLP community. While the paper does involve some machine learning techniques, its primary contribution and focus are on NLP and linguistic insights, making EMNLP the most suitable conference for this work."
P126,0,na,na
P127,1,TMLR,"The paper primarily focuses on the empirical analysis of machine learning's impact on privacy, proposing strategies to counteract privacy threats posed by ML systems. It emphasizes the need for collaboration between ML and HCI experts, and discusses empirical methods like data obfuscation and withholding, as well as policy solutions. The paper's focus on empirical strategies, evaluation methods, and the need for collaboration aligns well with TMLR's emphasis on rigorous empirical studies and comprehensive analysis methodologies."
P128,1,EMNLP,"The paper focuses on discourse deixis resolution, a task within natural language processing (NLP), specifically in dialogue. It adapts a span-based entity coreference model for this task, achieving state-of-the-art results. The primary contribution is in the domain of language understanding, particularly resolving deictic anaphors in dialogue, which is a core NLP problem. The paper involves empirical validation across multiple datasets, aligning with EMNLP's focus on empirical methods in NLP. Theoretical insights are not the primary focus, which aligns less with NEURIPS. The paper does not focus on visual data, ruling out CVPR, and it is not centered on scalable data mining or industrial applications, which are the focus of KDD. The comprehensive empirical analysis and focus on NLP tasks make EMNLP the most suitable venue."
P129,0,na,na
P130,0,na,na
P131,1,CVPR,"The paper primarily focuses on enhancing disentanglement in image data using convolutional feature maps, which aligns with core visual understanding problems and novel vision architectures, making CVPR the most suitable venue."
P132,0,na,na
P133,1,EMNLP,"The paper primarily addresses a core problem in computational linguistics, specifically discontinuous constituent parsing, which is a significant issue in natural language processing (NLP). The work involves reducing this parsing problem to sequence labeling, a method relevant to NLP tasks. The paper's contributions include both theoretical and practical aspects of encoding discontinuous structures, which are central to language understanding and generation. The experiments and results focus on parsing languages with free word order, a linguistic phenomenon, and the paper discusses the learnability of these representations by neural models, which is a key concern in NLP. The paper does not focus on novel ML algorithms or theoretical ML frameworks, which would be more aligned with NEURIPS, nor does it focus on visual data, which would be relevant for CVPR. The empirical nature of the study and its focus on language processing make EMNLP the most suitable venue."
P134,0,na,na
P135,1,NEURIPS,"The paper presents a novel theoretical framework for decentralized stochastic variational inequalities and saddle-point problems, with a strong emphasis on theoretical analysis and convergence rates. It adapts the stochastic extragradient method to a decentralized setting and provides theoretical guarantees for its convergence in various scenarios. The paper also explores the relationship between convergence rates and network properties, data heterogeneity, and other parameters, which aligns with NEURIPS' focus on novel theoretical frameworks and mathematical foundations in machine learning."
